metric,min,mean,max
wind_speed_ms,0.0,6.301861521568626,17.390732549019607
power_density_kw_m2,0.0,1.0603312490016645,3.2215117632607675
